City_ID,City,Country,Lat,Lng,Max Temp,Humidity,Cloudiness,Wind Speed,Current Description
0,biak,ID,-0.9131,122.8766,81.43,71,100,3.56,overcast clouds
1,rikitea,PF,-23.1203,-134.9692,78.73,77,84,14.65,broken clouds
2,bredasdorp,ZA,-34.5322,20.0403,72.84,63,100,5.55,overcast clouds
3,rawson,AR,-43.3002,-65.1023,61.05,89,100,8.95,light rain
4,whitehorse,CA,60.7161,-135.0538,7.57,85,75,16.11,broken clouds
5,dikson,RU,73.5069,80.5464,-24.12,98,100,5.97,overcast clouds
6,bathurst,AU,-33.4166,149.5806,92.71,38,59,5.7,broken clouds
7,punta arenas,CL,-53.15,-70.9167,44.71,93,40,6.91,scattered clouds
8,ixtapa,MX,20.7,-105.2,69.22,84,1,1.01,clear sky
9,salalah,OM,17.0151,54.0924,78.89,61,0,2.3,clear sky
10,avarua,CK,-21.2078,-159.775,78.85,94,100,5.75,light rain
11,albany,US,42.6001,-73.9662,23.72,75,18,4.07,few clouds
12,batagay-alyta,RU,67.8006,130.4114,-36.44,99,95,1.52,overcast clouds
13,georgetown,MY,5.4112,100.3354,89.53,70,20,9.22,few clouds
14,osmena,PH,10.5208,119.9258,80.26,76,100,5.77,moderate rain
15,westport,US,41.1415,-73.3579,37.56,63,100,8.05,overcast clouds
16,mehamn,NO,71.0357,27.8492,26.55,74,0,13.8,clear sky
17,cape town,ZA,-33.9258,18.4232,74.12,67,0,4.61,clear sky
18,taltal,CL,-25.4,-70.4833,67.1,80,12,1.74,few clouds
19,along,IN,28.1667,94.7667,74.88,28,0,1.97,clear sky
20,atuona,PF,-9.8,-139.0333,78.49,75,14,13.35,few clouds
21,iqaluit,CA,63.7506,-68.5145,-20.47,76,0,13.8,clear sky
22,alofi,NU,-19.0595,-169.9187,76.89,94,100,8.05,overcast clouds
23,bushehr,IR,28.9684,50.8385,55.49,82,40,13.8,mist
24,mount isa,AU,-20.7333,139.5,92.97,49,40,8.05,scattered clouds
25,bluff,NZ,-46.6,168.3333,56.62,72,92,1.92,overcast clouds
26,ushuaia,AR,-54.8,-68.3,47.86,87,75,11.5,broken clouds
27,jalu,LY,29.0331,21.5482,56.97,72,1,11.34,clear sky
28,hermanus,ZA,-34.4187,19.2345,76.8,66,81,1.72,broken clouds
29,hovd,MN,48.0056,91.6419,26.38,45,2,11.86,clear sky
30,radomsko,PL,51.0671,19.4448,37.51,93,100,7.07,overcast clouds
31,saskylakh,RU,71.9167,114.0833,-50.55,100,95,2.73,overcast clouds
32,tutoia,BR,-2.7619,-42.2744,79.61,76,62,12.26,broken clouds
33,codrington,AU,-38.2667,141.9667,70.72,61,100,11.25,overcast clouds
34,sarangani,PH,5.4033,125.4636,80.29,82,100,20.69,overcast clouds
35,talnakh,RU,69.4865,88.3972,-22.11,98,100,5.08,overcast clouds
36,hokitika,NZ,-42.7167,170.9667,69.35,74,3,5.55,clear sky
37,chimichagua,CO,9.2578,-73.8123,71.6,98,95,1.14,overcast clouds
38,praia da vitoria,PT,38.7333,-27.0667,58.75,82,75,13.4,broken clouds
39,new norfolk,AU,-42.7826,147.0587,81.91,30,93,1.99,overcast clouds
40,ust-kuyga,RU,70.0167,135.6,-57.33,100,99,5.46,overcast clouds
41,conakry,GN,9.538,-13.6773,73.47,83,2,2.3,mist
42,ust-maya,RU,60.4167,134.5333,-26.41,100,99,0.27,overcast clouds
43,cap malheureux,MU,-19.9842,57.6142,82.47,67,7,8.99,clear sky
44,leningradskiy,RU,69.3833,178.4167,-19.77,97,48,8.32,scattered clouds
45,victoria,HK,22.2855,114.1577,69.85,85,100,1.01,overcast clouds
46,saint-pierre,RE,-21.3393,55.4781,85.91,62,0,10.36,light rain
47,vao,NC,-22.6667,167.4833,76.59,65,14,12.53,few clouds
48,airai,TL,-8.9266,125.4092,67.24,83,89,2.66,moderate rain
49,beringovskiy,RU,63.05,179.3167,-8.0,92,9,10.98,clear sky
50,jamestown,US,42.097,-79.2353,31.17,75,100,1.99,mist
51,saldanha,ZA,-33.0117,17.9442,66.25,75,100,9.78,overcast clouds
52,middle island,US,40.8843,-72.9373,37.83,67,100,8.05,overcast clouds
53,carnarvon,AU,-24.8667,113.6333,81.0,51,0,19.01,clear sky
54,lavrentiya,RU,65.5833,-171.0,-12.26,85,97,12.68,overcast clouds
55,wollongong,AU,-34.4333,150.8833,79.99,72,50,9.1,scattered clouds
56,gao,ML,16.6362,1.637,55.6,27,1,14.27,clear sky
57,yellowknife,CA,62.456,-114.3525,7.32,85,100,5.75,overcast clouds
58,ilulissat,GL,69.2167,-51.1,-13.14,98,99,5.01,overcast clouds
59,santa lucia,ES,27.9117,-15.5407,60.12,83,75,16.11,broken clouds
60,hilo,US,19.7297,-155.09,75.27,82,100,3.44,overcast clouds
61,puerto escondido,MX,15.85,-97.0667,75.11,75,5,4.63,clear sky
62,busselton,AU,-33.65,115.3333,77.43,45,0,19.48,clear sky
63,tuktoyaktuk,CA,69.4541,-133.0374,-25.6,75,100,2.3,overcast clouds
64,provideniya,RU,64.3833,-173.3,-6.45,91,15,8.14,few clouds
65,lebu,CL,-37.6167,-73.65,52.32,75,0,18.12,clear sky
66,tasiilaq,GL,65.6145,-37.6368,2.16,54,100,4.43,overcast clouds
67,vaini,TO,-21.2,-175.2,84.36,89,75,5.75,light rain
68,arraial do cabo,BR,-22.9661,-42.0278,74.3,94,100,15.79,overcast clouds
69,puerto ayora,EC,-0.7393,-90.3518,69.55,93,6,1.01,clear sky
70,diapaga,BF,12.0708,1.7889,65.35,24,0,8.7,clear sky
71,adrar,MR,20.5022,-10.0711,58.48,14,100,11.54,overcast clouds
72,cherskiy,RU,68.75,161.3,-28.46,99,100,2.71,overcast clouds
73,qaanaaq,GL,77.484,-69.3632,-13.29,98,100,3.65,overcast clouds
74,torbay,CA,47.6666,-52.7314,24.58,89,100,4.61,light shower snow
75,samaipata,BO,-18.15,-63.8667,52.07,99,41,2.98,scattered clouds
76,bansang,GM,13.4333,-14.65,72.77,12,12,8.86,few clouds
77,mildura,AU,-34.2,142.15,100.08,18,25,8.68,scattered clouds
78,kaitangata,NZ,-46.2817,169.8464,57.22,68,2,9.13,clear sky
79,aliwal north,ZA,-30.6937,26.7114,86.76,18,5,9.98,clear sky
80,gwadar,PK,25.1216,62.3254,75.38,69,35,7.61,light rain
81,tokur,RU,53.1333,132.9,4.93,95,100,1.9,overcast clouds
82,castanos,MX,26.7833,-101.4167,66.34,34,0,5.1,clear sky
83,hasaki,JP,35.7333,140.8333,50.4,38,100,2.33,overcast clouds
84,fortuna,US,40.5982,-124.1573,47.93,95,100,13.8,overcast clouds
85,makakilo city,US,21.3469,-158.0858,73.72,73,0,4.61,clear sky
86,teseney,ER,15.11,36.6575,72.97,58,4,8.32,clear sky
87,george town,MY,5.4112,100.3354,89.53,70,20,9.22,few clouds
88,nikolskoye,RU,59.7035,30.7861,28.29,90,98,10.94,overcast clouds
89,severo-kurilsk,RU,50.6789,156.125,20.21,67,80,22.91,broken clouds
90,hobart,AU,-42.8794,147.3294,82.27,53,20,10.36,few clouds
91,asau,RO,46.4333,26.4,34.72,97,100,5.01,overcast clouds
92,eltham,NZ,-39.4292,174.3,60.96,99,100,12.97,overcast clouds
93,ostrovnoy,RU,68.0531,39.5131,17.26,90,100,21.61,light snow
94,lamar,US,33.6668,-95.5836,62.89,80,0,13.8,clear sky
95,souillac,MU,-20.5167,57.5167,84.58,65,40,13.8,scattered clouds
96,surt,LY,31.2089,16.5887,58.82,64,47,21.77,light rain
97,comodoro rivadavia,AR,-45.8667,-67.5,49.86,93,75,13.8,light intensity drizzle rain
98,kavieng,PG,-2.5744,150.7967,82.78,73,100,2.17,light rain
99,mataura,NZ,-46.1927,168.8643,58.62,63,62,5.79,broken clouds
100,barcelona,ES,41.3888,2.159,53.47,74,20,10.36,few clouds
101,dunedin,NZ,-45.8742,170.5036,54.16,81,50,12.21,scattered clouds
102,hobyo,SO,5.3505,48.5268,81.01,62,6,18.25,clear sky
103,vigrestad,NO,58.5667,5.7,47.88,75,77,19.44,broken clouds
104,saint george,US,37.1041,-113.5841,46.94,69,100,6.91,overcast clouds
105,port alfred,ZA,-33.5906,26.891,78.19,84,25,4.85,scattered clouds
106,arlit,NE,18.7369,7.3853,56.41,23,0,6.82,clear sky
107,clyde river,CA,70.4692,-68.5914,-18.17,76,40,5.75,scattered clouds
108,pevek,RU,69.7008,170.3133,-21.37,100,99,4.25,overcast clouds
109,faanui,PF,-16.4833,-151.75,79.95,75,100,15.05,moderate rain
110,esperance,AU,-33.8667,121.9,71.04,78,23,18.23,few clouds
111,gat,IL,31.61,34.7642,60.78,100,34,4.56,scattered clouds
112,nanakuli,US,21.3906,-158.1547,75.15,71,12,8.57,few clouds
113,cayenne,GF,4.9333,-52.3333,75.24,94,75,2.3,broken clouds
114,kapaa,US,22.0752,-159.319,72.1,73,0,6.91,clear sky
115,lompoc,US,34.6391,-120.4579,52.84,88,85,1.01,overcast clouds
116,butaritari,KI,3.0707,172.7902,81.41,75,7,15.05,clear sky
117,castro,BR,-24.7911,-50.0119,60.82,98,100,2.04,overcast clouds
118,shunyi,CN,40.125,116.6453,37.35,38,0,2.24,clear sky
119,tiksi,RU,71.6872,128.8694,-41.48,100,94,2.84,overcast clouds
120,raton,US,36.9034,-104.4391,39.42,38,97,12.64,overcast clouds
121,dombarovskiy,RU,50.7587,59.5386,-7.17,85,15,4.85,few clouds
122,abha,SA,18.2164,42.5053,58.82,67,0,0.0,clear sky
123,birao,CF,10.2849,22.7882,69.39,22,7,13.29,clear sky
124,henties bay,NA,-22.116,14.2845,65.89,84,100,6.49,overcast clouds
125,east london,ZA,-33.0153,27.9116,74.34,94,75,1.14,broken clouds
126,giaginskaya,RU,44.8621,40.0719,27.41,56,7,18.66,clear sky
127,san patricio,US,28.017,-97.5169,69.66,91,0,10.69,clear sky
128,chenghai,CN,23.4632,116.768,67.91,73,75,6.71,broken clouds
129,saint-francois,FR,46.4154,3.9054,49.44,76,100,10.36,overcast clouds
130,rantauprapat,ID,2.1,99.8333,78.62,88,100,0.58,overcast clouds
131,bratsk,RU,56.1325,101.6142,-12.51,82,96,5.37,overcast clouds
132,chokurdakh,RU,70.6333,147.9167,-50.46,100,87,1.79,overcast clouds
133,kaseda,JP,31.4167,130.3167,60.94,57,10,5.37,clear sky
134,bethel,US,41.3712,-73.414,34.48,68,100,1.99,overcast clouds
135,upernavik,GL,72.7868,-56.1549,-23.1,97,17,5.88,few clouds
136,tura,IN,25.5198,90.2201,75.52,34,0,3.49,clear sky
137,acurenam,GQ,1.0322,10.6488,71.24,89,86,3.33,light rain
138,aloleng,PH,16.1307,119.7824,82.0,60,85,5.95,overcast clouds
139,lazarev,RU,52.225,141.5131,-8.03,99,14,2.37,few clouds
140,callaguip,PH,18.0714,120.4867,86.02,58,40,9.22,scattered clouds
141,llangefni,GB,53.2556,-4.3106,47.98,67,75,28.77,broken clouds
142,lakatoro,VU,-16.0999,167.4164,78.44,72,100,4.12,overcast clouds
143,mar del plata,AR,-38.0023,-57.5575,69.1,93,0,11.01,clear sky
144,safaga,EG,26.7292,33.9365,64.9,56,0,8.1,clear sky
145,port lincoln,AU,-34.7333,135.8667,73.06,53,1,15.48,clear sky
146,bambous virieux,MU,-20.3428,57.7575,84.45,65,40,13.8,light rain
147,bay saint louis,US,30.3088,-89.33,62.67,94,10,8.03,clear sky
148,taoudenni,ML,22.6783,-3.9836,61.41,14,100,9.24,overcast clouds
149,barrow,US,71.2906,-156.7887,-14.78,84,20,20.71,haze
150,yeppoon,AU,-23.1333,150.7333,76.78,81,100,12.1,light rain
151,vestmannaeyjar,IS,63.4427,-20.2734,35.87,67,100,7.02,overcast clouds
152,russell,US,32.3502,-85.1999,49.01,81,32,3.33,scattered clouds
153,nawa,IN,27.0167,75.0,76.24,21,6,9.66,clear sky
154,omidiyeh,IR,30.7597,49.705,48.07,100,100,9.22,fog
155,ribeira grande,PT,38.5167,-28.7,59.77,66,45,17.0,scattered clouds
156,susehri,TR,40.1644,38.0867,32.11,45,2,4.41,clear sky
157,ahipara,NZ,-35.1667,173.1667,66.09,86,2,14.2,clear sky
158,manta,EC,-0.95,-80.7333,76.78,73,20,3.44,few clouds
159,mendoza,AR,-32.8908,-68.8272,72.93,49,20,3.44,few clouds
160,labuan,MY,5.2767,115.2417,84.56,74,20,3.44,light rain
161,san rafael del sur,NI,11.8485,-86.4384,76.17,73,4,14.61,clear sky
162,fonte boa,BR,-2.4959,-66.2662,72.9,94,100,2.57,overcast clouds
163,ancud,CL,-41.8697,-73.8203,46.63,82,0,3.69,clear sky
164,yerofey pavlovich,RU,53.9667,121.9667,8.04,97,100,2.13,overcast clouds
165,ballybofey,IE,54.8,-7.7833,42.55,80,32,19.15,heavy intensity rain
166,tahta,EG,26.7693,31.5021,59.13,44,0,3.42,clear sky
167,carnduff,CA,49.1667,-101.8009,15.39,94,100,6.53,overcast clouds
168,isangel,VU,-19.55,169.2667,79.29,70,21,3.09,few clouds
169,chuy,UY,-33.6971,-53.4616,67.42,92,99,3.44,light rain
170,albury,AU,-36.0833,146.9167,97.32,17,0,2.68,clear sky
171,brus laguna,HN,15.75,-84.4833,69.44,96,41,0.78,light rain
172,namibe,AO,-15.1961,12.1522,71.85,72,100,9.57,overcast clouds
173,luau,AO,-10.7073,22.2247,64.62,98,100,4.0,light rain
174,charkhi dadri,IN,28.6,76.2667,69.76,33,100,3.56,overcast clouds
175,kahului,US,20.8947,-156.47,73.85,81,7,3.0,clear sky
176,meulaboh,ID,4.1363,96.1285,83.68,67,57,6.33,broken clouds
177,clovis,US,36.8252,-119.7029,48.85,86,95,8.43,overcast clouds
178,murgab,TM,37.4966,61.9714,12.07,79,0,9.22,clear sky
179,ambilobe,MG,-13.2,49.05,87.17,61,48,1.79,scattered clouds
180,udachnyy,RU,66.4167,112.4,-39.57,96,100,6.04,overcast clouds
181,te anau,NZ,-45.4167,167.7167,61.66,55,15,6.69,few clouds
182,khatanga,RU,71.9667,102.5,-35.63,99,100,6.69,overcast clouds
183,altay,CN,47.8667,88.1167,10.06,78,100,5.28,overcast clouds
184,irbeyskoye,RU,55.6428,95.4522,-3.53,89,100,9.89,overcast clouds
185,port elizabeth,ZA,-33.918,25.5701,81.1,80,75,4.0,broken clouds
186,port hedland,AU,-20.3167,118.5667,89.65,62,17,12.66,few clouds
187,guerrero negro,MX,27.9769,-114.0611,60.48,92,14,11.92,few clouds
188,de-kastri,RU,51.4667,140.7833,-2.13,98,13,3.02,few clouds
189,burns lake,CA,54.2331,-125.7533,29.62,99,100,1.7,overcast clouds
190,caravelas,BR,-17.7125,-39.2481,73.62,93,100,4.32,overcast clouds
191,vestmanna,FO,62.1564,-7.1664,40.12,81,100,13.8,light intensity drizzle rain
192,thompson,CA,55.7435,-97.8558,8.76,85,100,6.91,light snow
193,constitucion,CL,-35.3333,-72.4167,57.4,53,0,7.45,clear sky
194,pokhara,NP,28.2333,83.9833,67.86,21,0,6.53,clear sky
195,morrinhos,BR,-17.7311,-49.0994,65.93,96,92,1.52,overcast clouds
196,homer,US,59.6425,-151.5483,36.03,88,100,8.99,light rain
197,darfo,IT,45.8779,10.1812,44.13,52,100,4.34,overcast clouds
198,shimoda,JP,34.6667,138.95,52.16,72,56,2.8,broken clouds
199,cidreira,BR,-30.1811,-50.2056,69.93,95,26,6.44,scattered clouds
200,nuevitas,CU,21.5453,-77.2644,72.1,79,0,4.72,clear sky
201,obo,CF,5.3998,26.4869,78.31,22,100,9.66,overcast clouds
202,nizhneudinsk,RU,54.9076,99.0276,-1.17,83,100,2.19,overcast clouds
203,itoman,JP,26.1247,127.6694,73.42,60,40,17.27,scattered clouds
204,emborion,GR,40.4833,21.55,35.26,86,18,3.96,few clouds
205,juneau,US,58.3019,-134.4197,33.22,100,100,6.17,overcast clouds
206,aklavik,CA,68.2191,-135.0107,-26.14,100,100,3.09,overcast clouds
207,kurilsk,RU,45.2333,147.8833,23.22,68,97,11.77,overcast clouds
208,riverton,US,40.5219,-111.9391,37.9,91,100,4.0,snow
209,huarmey,PE,-10.0681,-78.1522,69.1,79,100,7.02,overcast clouds
210,mitsamiouli,KM,-11.3847,43.2844,86.29,66,20,6.91,few clouds
211,naples,IT,40.8333,14.25,51.85,65,0,6.91,clear sky
212,kodiak,US,57.79,-152.4072,33.94,83,23,4.34,few clouds
213,simao,CN,22.7886,100.9748,71.4,35,4,5.93,clear sky
214,buin,CL,-33.7333,-70.75,71.11,74,0,1.57,clear sky
215,la crosse,US,43.8014,-91.2396,27.91,94,100,1.01,mist
216,tazovskiy,RU,67.4667,78.7,-40.14,98,41,6.42,scattered clouds
217,nenjiang,CN,49.1833,125.2167,15.19,95,6,4.23,clear sky
218,yulara,AU,-25.2406,130.9889,94.66,28,99,13.42,overcast clouds
219,bonfim,BR,3.0833,-59.95,74.79,85,74,6.31,broken clouds
220,los llanos de aridane,ES,28.6585,-17.9182,61.12,81,75,9.22,broken clouds
221,borger,NL,52.9233,6.7931,51.87,94,100,12.01,overcast clouds
222,cabo san lucas,MX,22.8909,-109.9124,70.52,69,0,12.48,clear sky
223,katsina,NG,12.9894,7.6006,55.29,41,0,6.91,haze
224,sadovo,BG,42.1333,24.9333,43.12,70,100,10.36,overcast clouds
225,olafsvik,IS,64.8945,-23.7142,32.85,77,99,22.73,overcast clouds
226,tilichiki,RU,60.4667,166.1,12.74,91,100,7.18,overcast clouds
227,port blair,IN,11.6667,92.75,84.24,54,20,11.5,few clouds
228,belmonte,BR,-15.8631,-38.8828,75.22,87,100,5.28,overcast clouds
229,nago,JP,26.5881,127.9761,66.94,71,100,14.88,overcast clouds
230,emerald,AU,-23.5333,148.1667,87.19,50,57,20.0,light rain
231,shchebetovka,UA,44.9333,35.15,35.1,76,76,10.25,broken clouds
232,hithadhoo,MV,-0.6,73.0833,80.65,78,100,13.6,overcast clouds
233,alice springs,AU,-23.7,133.8833,94.55,40,75,4.61,broken clouds
234,adre,TD,13.4667,22.2,62.17,29,100,15.86,overcast clouds
235,kieta,PG,-6.2167,155.6333,81.54,82,100,4.09,light rain
236,norman wells,CA,65.282,-126.8329,3.24,85,100,0.0,light snow
237,guaraniacu,BR,-25.1008,-52.8781,60.49,98,100,1.61,overcast clouds
238,broome,US,42.2506,-75.833,31.66,79,31,1.99,scattered clouds
239,nome,US,64.5011,-165.4064,14.07,85,100,8.05,mist
240,grindavik,IS,63.8424,-22.4338,32.47,80,0,13.8,clear sky
241,yenagoa,NG,4.9247,6.2642,77.67,81,96,3.2,overcast clouds
242,amapa,BR,1.0,-52.0,70.43,99,100,1.45,overcast clouds
243,tuatapere,NZ,-46.1333,167.6833,56.97,72,51,6.51,broken clouds
244,sao filipe,CV,14.8961,-24.4956,74.68,68,1,13.65,clear sky
245,bata,GQ,1.8639,9.7658,79.92,78,40,5.59,scattered clouds
246,borovichi,RU,58.3878,33.9155,19.78,94,100,12.03,light snow
247,vila velha,BR,-20.3297,-40.2925,76.95,94,0,6.91,clear sky
248,baiao,BR,-2.7906,-49.6717,71.17,99,100,1.45,overcast clouds
249,bathsheba,BB,13.2167,-59.5167,79.41,78,75,13.8,light rain
250,inhambane,MZ,-23.865,35.3833,80.58,78,40,5.01,scattered clouds
251,lorengau,PG,-2.0226,147.2712,81.48,80,95,5.97,overcast clouds
252,dengzhou,CN,37.8086,120.7508,46.9,52,86,6.49,overcast clouds
253,half moon bay,US,37.4636,-122.4286,55.31,85,100,13.8,mist
254,krasnoselkup,RU,65.7,82.4667,-38.65,98,62,6.53,broken clouds
255,yataity,PY,-26.3667,-56.0667,68.04,84,0,3.67,clear sky
256,zarubino,RU,42.63,131.0922,32.67,62,95,6.11,overcast clouds
257,cabedelo,BR,-6.9811,-34.8339,75.87,80,22,9.66,few clouds
258,roald,NO,62.5833,6.1333,43.72,75,75,19.57,broken clouds
259,okhotsk,RU,59.3833,143.3,-20.24,81,100,4.68,overcast clouds
260,ouesso,CG,1.6136,16.0517,80.4,54,13,2.35,few clouds
261,dawson creek,CA,55.7666,-120.2362,19.04,93,100,2.3,overcast clouds
262,buraydah,SA,26.326,43.975,46.85,54,0,9.4,clear sky
263,mecca,SA,21.4267,39.8261,71.69,40,0,2.33,clear sky
264,panguipulli,CL,-39.6333,-72.3333,39.72,88,0,2.24,clear sky
265,gambela,ET,8.25,34.5833,88.2,28,10,4.68,clear sky
266,marang,MY,5.2056,103.2059,83.97,76,91,5.59,overcast clouds
267,poum,NC,-20.2333,164.0167,79.3,66,100,12.82,overcast clouds
268,kulebaki,RU,55.4133,42.5325,3.81,77,100,11.36,overcast clouds
269,pryazha,RU,61.6926,33.6216,27.63,92,100,12.66,overcast clouds
270,matara,LK,5.9485,80.5353,85.73,49,6,5.14,clear sky
271,sobolevo,RU,54.4299,31.8996,16.3,94,100,14.79,snow
272,sao luiz gonzaga,BR,-28.4083,-54.9608,65.08,85,0,3.89,clear sky
273,bukachacha,RU,52.9833,116.9167,16.32,94,100,0.34,overcast clouds
274,muravlenko,RU,63.7898,74.523,-39.15,99,48,5.77,scattered clouds
275,natal,BR,-5.795,-35.2094,75.85,88,40,3.44,scattered clouds
276,kisangani,CD,0.5167,25.2,75.02,80,100,1.48,overcast clouds
277,oistins,BB,13.0667,-59.5333,75.9,82,4,13.71,light rain
278,alamos,MX,27.0167,-108.9333,64.15,26,100,2.59,overcast clouds
279,evanston,US,42.0411,-87.6901,40.05,91,100,1.01,overcast clouds
280,korla,CN,41.7597,86.1469,36.32,26,100,10.4,overcast clouds
281,chapais,CA,49.7834,-74.8492,-24.02,100,61,0.81,broken clouds
282,tambopata,PE,-12.7333,-69.1833,71.67,96,65,0.96,broken clouds
283,rybachiy,RU,48.7073,44.7449,-2.34,68,0,12.82,clear sky
284,berlevag,NO,70.8578,29.0864,26.6,80,0,19.57,clear sky
285,usinsk,RU,65.9939,57.5281,2.1,95,100,18.66,light snow
286,saumur,FR,47.3333,-0.25,50.9,93,100,13.29,overcast clouds
287,ambulu,ID,-8.345,113.6058,84.67,63,96,7.67,overcast clouds
288,pochutla,MX,15.7432,-96.4661,70.83,76,0,3.56,clear sky
289,megion,RU,61.0296,76.1136,-43.58,96,13,4.27,few clouds
290,prieska,ZA,-29.6641,22.7474,92.62,17,67,15.28,broken clouds
291,newport,GB,51.5877,-2.9984,46.94,89,97,22.55,overcast clouds
292,bilibino,RU,68.0546,166.4372,-14.57,97,100,3.44,overcast clouds
293,foam lake,CA,51.65,-103.5343,1.63,99,100,6.15,overcast clouds
294,petropavlovsk-kamchatskiy,RU,53.0452,158.6483,-3.69,81,4,7.56,clear sky
295,bengkulu,ID,-3.8004,102.2655,82.45,70,100,7.72,overcast clouds
296,taraz,KZ,42.9,71.3667,1.81,85,100,4.47,overcast clouds
297,longyearbyen,SJ,78.2186,15.6401,30.04,93,75,11.5,light snow
298,pontes e lacerda,BR,-15.2261,-59.3353,70.48,97,100,2.77,overcast clouds
299,da nang,VN,16.0678,108.2208,76.98,73,75,11.5,broken clouds
300,henniker,US,43.1798,-71.8223,20.75,55,31,2.37,scattered clouds
301,kutum,SD,14.2,24.6667,55.72,33,100,8.46,overcast clouds
302,ternate,ID,0.8,127.4,81.9,79,100,9.13,overcast clouds
303,touros,BR,-5.1989,-35.4608,78.26,79,24,10.94,few clouds
304,polunochnoye,RU,60.8697,60.4153,3.51,76,100,13.38,overcast clouds
305,zhuhai,CN,22.2769,113.5678,69.58,88,40,9.22,scattered clouds
306,san,ML,13.3034,-4.8956,65.91,19,5,8.43,clear sky
307,soto la marina,MX,23.7667,-98.2167,65.73,91,0,4.36,clear sky
308,kokoda,PG,-8.8785,147.7407,78.19,94,100,1.01,light rain
309,galveston,US,29.3669,-94.9669,67.14,93,13,4.0,few clouds
310,merauke,ID,-8.4667,140.3333,82.44,77,97,10.0,heavy intensity rain
311,arman,RU,59.7,150.1667,-20.09,87,16,5.03,few clouds
312,paciran,ID,-6.8767,112.3761,86.27,65,71,5.55,broken clouds
313,sawakin,SD,19.1059,37.3321,72.0,60,100,12.57,overcast clouds
314,rosarito,MX,32.3333,-117.0333,54.12,82,100,6.31,overcast clouds
315,batagay,RU,67.6333,134.6333,-45.83,95,100,1.79,overcast clouds
316,virden,US,39.5009,-89.7679,46.09,78,100,7.85,overcast clouds
317,luderitz,NA,-26.6481,15.1594,68.68,66,47,8.63,scattered clouds
318,zhigansk,RU,66.7697,123.3711,-29.56,95,100,11.14,overcast clouds
319,yarada,IN,17.65,83.2667,80.92,47,0,5.75,haze
320,kyren,RU,51.6828,102.1408,7.5,91,100,6.2,light snow
321,haines junction,CA,60.7522,-137.5108,-8.37,100,100,1.23,overcast clouds
322,sitka,US,57.0531,-135.33,37.27,89,100,6.46,light rain
323,pangnirtung,CA,66.1451,-65.7125,-24.9,84,5,3.4,clear sky
324,plymouth,US,41.8334,-70.8328,31.66,69,100,5.17,overcast clouds
325,jiaozhou,CN,36.2839,120.0033,48.36,57,6,11.81,clear sky
326,terenos,BR,-20.4422,-54.8603,67.93,91,96,3.29,overcast clouds
327,sofia,BG,42.6975,23.3242,38.26,92,75,3.44,broken clouds
328,porciuncula,BR,-20.9628,-42.0408,70.52,95,100,3.62,overcast clouds
329,camacha,PT,33.0833,-16.3333,62.02,77,75,9.22,broken clouds
330,giyani,ZA,-23.3025,30.7187,79.74,54,0,6.6,clear sky
331,grootfontein,NA,-19.5667,18.1167,77.95,47,98,14.7,overcast clouds
332,khandyga,RU,62.6667,135.6,-16.38,100,100,2.84,overcast clouds
333,banda aceh,ID,5.5577,95.3222,82.02,67,80,6.71,broken clouds
334,kembe,CF,4.6228,21.8865,79.36,25,74,6.67,broken clouds
335,syracuse,IT,37.0881,15.2792,44.31,57,0,8.81,clear sky
336,abalak,RU,58.1286,68.5944,7.12,88,100,7.63,overcast clouds
337,san cristobal,VE,7.7669,-72.225,63.77,98,90,0.96,overcast clouds
338,narsaq,GL,60.9167,-46.05,19.62,68,100,8.59,overcast clouds
339,ampanihy,MG,-24.7,44.75,84.72,61,19,1.1,few clouds
340,torit,SS,4.4133,32.5678,85.12,37,57,4.63,broken clouds
341,la ronge,CA,55.1001,-105.2842,-5.31,100,71,4.63,broken clouds
342,fairbanks,US,64.8378,-147.7164,-0.83,96,100,3.49,overcast clouds
343,qaqortoq,GL,60.7167,-46.0333,19.17,66,100,9.51,overcast clouds
344,mandaguari,BR,-23.5475,-51.6708,62.91,94,100,2.53,overcast clouds
345,kudahuvadhoo,MV,2.6708,72.8944,80.33,73,100,13.89,overcast clouds
346,jacareacanga,BR,-6.2222,-57.7528,67.5,99,100,1.5,overcast clouds
347,santa cruz del sur,CU,20.7147,-77.9956,70.63,84,0,9.08,clear sky
348,robertsport,LR,6.7533,-11.3686,75.25,90,14,5.88,few clouds
349,tezze sul brenta,IT,45.6866,11.7036,38.8,66,99,2.77,overcast clouds
350,fukue,JP,32.6881,128.8419,57.6,67,78,4.72,broken clouds
351,jackson,US,42.4165,-122.8345,46.0,76,92,4.85,overcast clouds
352,srinivaspur,IN,13.3333,78.2167,78.76,21,0,8.77,clear sky
353,nueva loja,EC,0.0847,-76.8828,68.36,98,92,1.81,light rain
354,ballina,AU,-28.8667,153.5667,77.77,76,0,12.77,clear sky
355,fasa,IR,28.9383,53.6482,46.83,59,2,6.6,clear sky
356,port macquarie,AU,-31.4333,152.9167,74.89,64,0,9.62,clear sky
357,biloela,AU,-24.4167,150.5,76.19,77,100,10.45,light rain
358,katsuura,JP,35.1333,140.3,48.49,57,96,6.82,overcast clouds
359,bakel,SN,14.905,-12.4568,69.64,14,100,10.2,overcast clouds
360,saint-philippe,RE,-21.3585,55.7679,85.59,76,59,13.15,broken clouds
361,saint-louis,SN,16.3333,-15.0,69.44,12,94,10.38,overcast clouds
362,quatre cocos,MU,-20.2078,57.7625,82.51,72,20,13.49,light rain
363,gimli,CA,50.6336,-96.9907,12.72,96,99,5.1,overcast clouds
364,tromso,NO,69.6496,18.957,30.22,74,20,11.5,few clouds
365,anadyr,RU,64.75,177.4833,-23.17,97,7,7.4,clear sky
366,kongoussi,BF,13.3258,-1.5347,63.05,25,37,9.89,scattered clouds
367,shishou,CN,29.7226,112.419,64.62,38,15,9.42,few clouds
368,hambantota,LK,6.1241,81.1185,86.34,58,20,12.66,few clouds
369,klaebu,NO,63.2976,10.4826,43.03,67,100,25.26,light rain
370,ponta do sol,PT,32.6667,-17.1,66.83,79,20,3.58,few clouds
371,port hardy,CA,50.6996,-127.4199,42.08,87,34,5.93,scattered clouds
372,rapar,IN,23.5667,70.6333,78.76,27,0,9.51,clear sky
373,ahuimanu,US,21.4447,-157.8378,72.61,79,19,8.3,few clouds
374,heishan,CN,41.6892,122.1128,38.73,50,100,17.65,overcast clouds
375,hakkari,TR,37.5833,44.1667,27.21,51,0,2.42,clear sky
376,acajutla,SV,13.5928,-89.8275,76.51,71,12,4.38,few clouds
377,gallup,US,35.5281,-108.7426,43.56,48,100,5.99,overcast clouds
378,huejucar,MX,22.35,-103.2167,51.93,35,1,4.7,clear sky
379,sioux lookout,CA,50.1001,-91.917,26.67,100,100,4.61,mist
380,tianpeng,CN,30.9866,103.9393,54.72,52,83,3.94,broken clouds
381,konongo,GH,6.6167,-1.2167,68.47,89,11,1.03,few clouds
382,bulembu,SZ,-25.9667,31.1333,77.94,50,0,2.91,clear sky
383,mayskiy,RU,47.6931,40.1025,4.41,66,20,20.36,few clouds
384,dakar,SN,14.6937,-17.4441,67.08,51,97,18.07,overcast clouds
385,svetlaya,RU,46.5389,138.3297,23.38,72,100,1.68,overcast clouds
386,finsterwalde,DE,51.6333,13.7167,42.46,80,100,12.1,overcast clouds
387,kamenka,RU,51.3223,42.7678,1.31,72,44,11.77,scattered clouds
388,cam ranh,VN,11.9214,109.1591,80.56,74,20,10.36,few clouds
389,akureyri,IS,65.6835,-18.0878,26.58,97,100,7.16,overcast clouds
390,ochakiv,UA,46.6128,31.5498,30.25,75,93,22.84,overcast clouds
391,vanimo,PG,-2.6741,141.3028,83.1,74,74,4.38,broken clouds
392,deputatskiy,RU,69.3,139.9,-48.06,98,63,1.95,broken clouds
393,togur,RU,58.3631,82.8265,-29.11,92,39,4.41,scattered clouds
394,anchorage,US,61.2181,-149.9003,34.63,84,100,3.0,overcast clouds
395,progreso,MX,21.2833,-89.6667,69.91,84,0,9.1,clear sky
396,kirishi,RU,59.4471,32.0205,23.18,93,100,11.92,light snow
397,sur,OM,22.5667,59.5289,78.75,61,2,10.58,clear sky
398,paredon,MX,16.0333,-93.8667,75.97,70,6,8.3,clear sky
399,santa isabel do rio negro,BR,-0.4139,-65.0192,72.61,99,100,2.1,overcast clouds
400,vardo,NO,70.3705,31.1107,22.98,86,75,25.32,broken clouds
401,marsa matruh,EG,31.3525,27.2453,57.81,66,90,19.86,overcast clouds
402,pakxan,LA,18.3778,103.6601,68.04,89,100,1.86,overcast clouds
403,hualmay,PE,-11.0964,-77.6139,68.52,80,100,5.66,overcast clouds
404,nouadhibou,MR,20.931,-17.0347,66.42,45,0,13.82,clear sky
405,hauterive,FR,46.0901,3.4459,51.35,76,100,8.46,overcast clouds
406,aitape,PG,-3.1374,142.3475,82.87,77,62,3.44,broken clouds
407,rio grande,BR,-32.035,-52.0986,70.47,91,6,7.94,clear sky
408,otavi,NA,-19.65,17.3333,77.09,46,100,14.09,overcast clouds
409,buenos aires,AR,-34.6132,-58.3772,76.95,73,11,1.01,few clouds
410,saint-paul,RE,-21.0096,55.2707,86.36,71,86,1.45,light rain
411,nazare,BR,-13.035,-39.0144,72.16,98,100,1.23,overcast clouds
412,atambua,ID,-9.1061,124.8925,79.79,75,61,6.89,broken clouds
413,shumikha,RU,55.2261,63.2961,3.96,87,98,16.28,overcast clouds
414,rockland,US,41.1668,-74.0496,37.45,70,56,1.99,broken clouds
415,boa esperanca,BR,-21.09,-45.5658,64.11,95,89,0.72,overcast clouds
416,archidona,ES,37.0965,-4.3887,48.76,90,51,5.35,broken clouds
417,manono,CD,-7.3,27.4167,68.14,99,100,3.2,moderate rain
418,calabozo,VE,8.9242,-67.4293,75.96,68,10,6.55,clear sky
419,waingapu,ID,-9.6567,120.2641,86.95,57,84,7.58,broken clouds
420,kifri,IQ,34.6959,44.9661,52.2,39,0,6.02,clear sky
421,sicamous,CA,50.8331,-118.9856,32.18,96,100,2.1,overcast clouds
422,tommot,RU,58.9564,126.2925,0.88,93,99,6.22,overcast clouds
423,clearwater,US,27.9659,-82.8001,60.91,79,0,5.01,clear sky
424,schwerin,DE,53.6294,11.4132,46.02,97,100,8.99,heavy intensity rain
425,wewak,PG,-3.5534,143.6268,82.72,78,99,5.59,overcast clouds
426,zelenogorskiy,RU,55.0333,87.0,-12.01,93,100,8.99,overcast clouds
427,port moresby,PG,-9.4431,147.1797,81.12,78,93,3.22,light rain
428,kokopo,PG,-4.352,152.2633,80.44,81,100,6.89,light rain
429,adwa,ET,14.1646,38.8955,68.49,48,4,4.38,clear sky
430,bridlington,GB,54.0831,-0.1919,44.89,73,79,23.58,broken clouds
431,sorong,ID,-0.8833,131.25,84.52,70,100,6.2,moderate rain
432,marsh harbour,BS,26.5412,-77.0636,70.43,58,0,1.92,clear sky
433,acarau,BR,-2.8856,-40.12,77.0,84,100,8.23,overcast clouds
434,ewa beach,US,21.3156,-158.0072,75.15,71,0,4.61,clear sky
435,abu dhabi,AE,24.4667,54.3667,71.96,59,18,1.01,few clouds
436,boralday,KZ,43.3578,76.8594,10.26,85,100,6.71,mist
437,ouango,CF,4.3133,22.5552,78.57,28,62,4.92,broken clouds
438,upington,ZA,-28.4478,21.2561,95.38,17,0,10.36,clear sky
439,vagur,FO,61.4732,-6.8119,40.51,95,100,24.09,light rain
440,mae hong son,TH,19.3003,97.9685,87.71,28,0,3.94,clear sky
441,boa vista,BR,2.8197,-60.6733,75.18,94,75,4.61,broken clouds
442,pisco,PE,-13.7,-76.2167,66.25,82,100,4.61,overcast clouds
443,kruisfontein,ZA,-34.0033,24.7314,79.88,59,4,5.48,clear sky
444,chicama,PE,-7.8447,-79.1469,64.94,76,100,3.31,overcast clouds
445,aracati,BR,-4.5617,-37.7697,78.44,75,85,8.5,overcast clouds
446,roswell,US,34.0232,-84.3616,47.97,83,0,0.0,clear sky
447,mahebourg,MU,-20.4081,57.7,82.69,65,40,14.97,light rain
448,vuktyl,RU,63.8567,57.3094,2.75,95,100,10.58,light snow
449,matagami,CA,49.7502,-77.6328,-18.18,100,100,2.77,overcast clouds
450,maniitsoq,GL,65.4167,-52.9,9.03,76,38,10.58,scattered clouds
451,patrocinio,BR,-18.9439,-46.9925,63.27,97,100,4.09,light rain
452,harqalah,TN,36.0303,10.509,57.06,75,13,12.73,few clouds
453,seoul,KR,37.5683,126.9778,47.59,39,1,0.6,clear sky
454,goderich,CA,43.7501,-81.7165,31.91,82,24,16.2,few clouds
455,paranhos,BR,-23.8928,-55.4311,67.26,90,100,3.15,overcast clouds
456,denpasar,ID,-8.65,115.2167,89.26,70,75,13.8,broken clouds
457,port shepstone,ZA,-30.7414,30.455,77.36,84,29,13.98,scattered clouds
458,tezu,IN,27.9167,96.1667,75.83,23,1,3.76,clear sky
459,rosetta,EG,31.4044,30.4164,57.92,59,100,12.06,overcast clouds
460,roros,NO,62.5747,11.3842,31.84,86,75,14.97,light snow
461,zhezkazgan,KZ,47.8043,67.7144,-13.02,77,20,4.47,few clouds
462,saint helens,GB,53.45,-2.7333,46.38,75,0,14.97,clear sky
463,vieste,IT,41.8825,16.175,51.85,61,3,30.18,clear sky
464,sidi ali,DZ,36.0998,0.4206,52.21,82,0,5.12,clear sky
465,rio gallegos,AR,-51.6226,-69.2181,51.85,62,0,6.91,clear sky
466,slave lake,CA,55.2834,-114.769,19.38,93,100,3.44,overcast clouds
467,wanganui,NZ,-39.9333,175.05,59.59,94,100,15.01,overcast clouds
468,estepa,ES,37.2926,-4.879,44.65,89,93,0.07,overcast clouds
469,kaitong,CN,44.8135,123.15,38.17,39,55,9.64,broken clouds
470,camocim,BR,-2.9022,-40.8411,75.42,84,75,8.01,broken clouds
471,chamrajnagar,IN,11.9167,76.95,82.96,22,5,5.73,clear sky
472,mlandizi,TZ,-6.7,38.7333,85.03,65,68,3.42,broken clouds
473,mega,ET,4.05,38.3,70.66,39,16,16.49,few clouds
474,catamarca,AR,-28.4696,-65.7852,84.06,48,1,8.46,clear sky
475,yaan,NG,7.3833,8.5667,73.89,25,83,10.22,broken clouds
476,lahaina,US,20.8783,-156.6825,74.8,74,5,11.45,clear sky
477,vaitape,PF,-16.5167,-151.75,79.95,75,100,15.41,moderate rain
478,margate,GB,51.3813,1.3862,45.88,88,0,4.0,clear sky
479,perth,AU,-31.9333,115.8333,82.02,51,0,18.41,haze
480,malakal,SS,9.5334,31.6605,78.22,15,25,12.62,scattered clouds
481,saintes,FR,45.6667,-0.75,52.5,86,100,11.95,overcast clouds
482,limbang,MY,4.75,115.0,86.11,80,100,3.91,overcast clouds
483,shumskiy,RU,54.8318,99.1328,-1.05,83,100,2.57,overcast clouds
484,shellbrook,CA,53.2168,-106.4011,-1.82,99,100,3.67,overcast clouds
485,bellevue,US,47.6104,-122.2007,47.97,83,100,1.99,overcast clouds
486,great yarmouth,GB,52.6083,1.7305,45.41,82,0,17.2,clear sky
487,saurimo,AO,-9.6608,20.3916,65.25,96,100,4.18,light rain
488,klaksvik,FO,62.2266,-6.589,41.92,92,100,25.46,light rain
489,walvis bay,NA,-22.9575,14.5053,67.08,72,100,7.92,overcast clouds
490,yeniseysk,RU,58.4497,92.1703,-19.41,91,100,5.93,overcast clouds
491,tukrah,LY,32.5341,20.5791,58.71,61,8,22.17,light rain
492,flin flon,CA,54.7682,-101.865,3.85,99,99,3.94,overcast clouds
493,poli,TZ,-3.3333,36.8,69.04,61,91,3.87,overcast clouds
494,quelimane,MZ,-17.8786,36.8883,84.15,74,40,5.75,scattered clouds
495,yumen,CN,40.2833,97.2,35.64,23,66,5.73,broken clouds
496,lowestoft,GB,52.4752,1.7516,45.41,88,0,16.15,clear sky
497,angoche,MZ,-16.2325,39.9086,84.47,68,20,4.36,few clouds
498,namatanai,PG,-3.6667,152.4333,82.0,77,100,3.76,light rain
499,chipinge,ZW,-20.1883,32.6236,77.97,35,3,5.46,clear sky
500,bonavista,CA,48.6499,-53.1147,25.66,68,100,9.73,overcast clouds
501,daloa,CI,6.8774,-6.4502,62.65,43,21,0.69,few clouds
502,tiznit,MA,29.5833,-9.5,56.86,62,100,2.33,overcast clouds
503,coihaique,CL,-45.5752,-72.0662,47.01,93,20,4.61,light rain
504,gerash,IR,27.6652,54.1371,54.73,60,44,3.13,scattered clouds
505,karnal,IN,29.6833,76.9833,65.97,39,100,5.03,overcast clouds
506,saint-augustin,CA,51.226,-58.6502,0.59,81,19,11.88,few clouds
507,dzhebariki-khaya,RU,62.2167,135.8,-15.57,98,100,4.7,overcast clouds
508,beloha,MG,-25.1667,45.05,86.41,57,6,0.92,clear sky
509,masallatah,LY,32.6167,14.0,55.0,70,94,19.35,light rain
510,ucluelet,CA,48.9329,-125.5528,49.08,77,100,7.92,overcast clouds
511,kununurra,AU,-15.7667,128.7333,98.58,36,96,3.44,overcast clouds
512,tual,ID,-5.6667,132.75,81.86,76,70,9.19,broken clouds
513,cabo rojo,PR,18.0866,-67.1457,76.68,87,0,1.99,clear sky
514,berdigestyakh,RU,62.0989,126.6992,-11.79,99,100,3.69,overcast clouds
515,lovozero,RU,68.005,35.0117,10.83,95,100,3.89,light snow
516,sacel,RO,47.6333,24.4333,40.71,89,100,4.23,overcast clouds
517,serra talhada,BR,-7.9919,-38.2983,70.66,79,100,5.06,overcast clouds
518,senovo,SI,46.0236,15.4769,37.26,93,7,3.44,fog
519,terrace,CA,54.5163,-128.6035,34.12,97,99,2.21,light snow
520,axim,GH,4.8699,-2.2405,78.13,82,100,2.75,overcast clouds
521,yar-sale,RU,66.8333,70.8333,-29.16,95,100,8.84,overcast clouds
522,gizo,SB,-8.103,156.8419,82.83,74,100,4.21,light rain
523,willmar,US,45.1219,-95.0433,26.62,100,100,3.44,light snow
524,bubaque,GW,11.2833,-15.8333,77.29,51,100,16.78,overcast clouds
525,hammerfest,NO,70.6634,23.6821,25.25,74,0,0.0,clear sky
526,havoysund,NO,70.9963,24.6622,26.83,79,100,8.99,overcast clouds
527,dingle,PH,10.9995,122.6711,72.75,95,100,9.55,overcast clouds
528,athens,GR,37.9795,23.7162,54.57,82,20,1.99,few clouds
529,agadez,NE,19.75,10.25,50.04,38,0,6.78,clear sky
530,pauini,BR,-7.7136,-66.9764,71.6,99,99,1.57,overcast clouds
531,bud,US,39.447,-86.1758,41.9,91,100,6.15,overcast clouds
532,vossevangen,NO,60.623,6.4229,38.3,99,100,7.27,light rain
533,solwezi,ZM,-12.1688,26.3894,63.14,97,100,0.36,moderate rain
534,pandan,PH,14.0453,124.1694,77.99,86,100,15.01,overcast clouds
535,vitim,RU,59.4511,112.5578,-10.43,88,100,10.33,overcast clouds
536,quzhou,CN,28.9594,118.8686,62.83,63,14,7.0,few clouds
537,lukovetskiy,RU,64.2956,41.9211,20.39,93,100,10.45,light snow
538,zhoucheng,CN,35.9122,116.3117,55.09,41,0,11.83,clear sky
539,kendari,ID,-3.945,122.4989,86.25,57,100,2.17,light rain
540,gongzhuling,CN,43.5008,124.8198,33.57,59,7,17.85,clear sky
541,kysyl-syr,RU,63.8986,122.7617,-29.42,96,100,6.13,overcast clouds
542,yankton,US,42.8711,-97.3973,29.12,93,0,9.22,clear sky
543,orlik,RU,52.5178,99.825,8.01,85,100,4.52,light snow
544,norrtalje,SE,59.758,18.705,40.42,83,100,18.57,light rain
545,gabu,GW,12.2833,-14.2167,70.39,17,79,7.25,broken clouds
546,tevriz,RU,57.509,72.4042,-7.31,96,96,0.89,overcast clouds
547,lasa,IT,46.6166,10.7002,24.69,83,100,3.53,overcast clouds
548,mangai,CD,-4.05,19.5333,73.18,91,100,1.72,overcast clouds
549,basco,PH,20.4487,121.9702,75.79,71,96,18.9,overcast clouds
550,manokwari,ID,-0.8667,134.0833,82.42,76,100,3.91,overcast clouds
551,horasan,TR,40.0458,42.1728,24.33,51,8,3.04,clear sky
552,auki,SB,-8.7676,160.7034,81.52,76,55,5.17,broken clouds
553,alexandria,EG,31.2156,29.9553,58.82,56,100,11.39,overcast clouds
554,ust-nera,RU,64.5667,143.2,-52.92,97,58,4.14,broken clouds
555,the valley,AI,18.217,-63.0578,77.09,74,3,12.06,clear sky
556,yanam,IN,16.7333,82.2167,84.74,38,0,2.73,clear sky
557,taft,IR,31.7471,54.2088,28.35,74,100,9.22,overcast clouds
558,north bend,US,43.4065,-124.2243,50.86,96,100,13.8,overcast clouds
559,mananara,MG,-16.1667,49.7667,85.35,64,36,4.79,scattered clouds
560,san francisco,US,37.7749,-122.4194,55.06,85,75,13.8,broken clouds
561,palana,RU,59.1167,159.9667,-6.05,94,15,6.11,few clouds
562,alcudia,ES,39.8532,3.1214,53.69,68,12,7.45,few clouds
563,zhangjiakou,CN,40.81,114.8794,36.46,37,1,2.73,clear sky
564,emirdag,TR,39.0197,31.15,42.48,88,100,7.31,overcast clouds
565,oussouye,SN,12.485,-16.5469,70.79,20,13,7.58,few clouds
566,bontang,ID,0.1333,117.5,83.35,69,100,3.11,overcast clouds
567,wajima,JP,37.4,136.9,46.47,62,6,12.75,clear sky
568,bishop auckland,GB,54.6555,-1.6771,44.17,83,100,8.01,overcast clouds
569,katherine,AU,-14.4667,132.2667,93.52,49,40,9.22,scattered clouds
570,sakakah,SA,29.9697,40.2064,48.69,59,0,2.04,clear sky
571,houma,US,29.5958,-90.7195,68.02,94,100,6.91,mist
572,geraldton,AU,-28.7667,114.6,77.41,50,0,14.97,clear sky
573,selizharovo,RU,56.8519,33.4487,16.86,92,100,11.79,light snow
574,lipin bor,RU,60.2622,37.9763,17.92,93,100,16.08,light snow
575,sorland,NO,67.667,12.6934,40.86,81,0,25.32,clear sky
576,kyra,RU,49.5776,111.9753,19.0,83,76,3.98,broken clouds
577,mazamari,PE,-11.3258,-74.5308,68.32,98,100,2.01,overcast clouds
578,beroroha,MG,-21.6667,45.1667,86.72,59,39,2.04,scattered clouds
579,evensk,RU,61.95,159.2333,7.45,96,100,3.13,overcast clouds
580,kenitra,MA,34.261,-6.5802,57.96,82,100,2.57,overcast clouds
581,port augusta,AU,-32.5,137.7667,85.14,36,94,10.13,overcast clouds
582,bilma,NE,18.6853,12.9164,53.82,35,0,9.95,clear sky
583,aswan,EG,24.0934,32.907,61.99,62,0,9.33,clear sky
584,san martin,AR,-33.081,-68.4681,69.93,61,0,5.59,clear sky
585,lata,PT,40.1629,-8.3327,57.81,98,100,2.15,overcast clouds
586,belyy yar,RU,53.6039,91.3903,-0.51,46,0,15.66,clear sky
587,hofn,IS,64.2539,-15.2082,36.03,68,100,21.39,overcast clouds
588,tupik,RU,54.4253,119.9327,17.73,70,100,11.39,overcast clouds
589,atessa,IT,42.0693,14.4511,44.51,53,2,5.01,clear sky
590,labrea,BR,-7.2586,-64.7981,71.51,99,97,1.9,overcast clouds
591,basoko,CD,1.2391,23.616,79.47,64,100,1.95,overcast clouds
592,paamiut,GL,61.994,-49.6678,21.63,69,100,7.05,overcast clouds
593,karema,TZ,-6.8205,30.4389,73.13,85,100,3.22,moderate rain
594,brenham,US,30.1669,-96.3977,65.35,67,0,4.61,clear sky
595,varna,BG,43.2167,27.9167,51.94,95,75,11.5,broken clouds
596,colesberg,ZA,-30.72,25.0972,88.25,19,6,14.56,clear sky
597,gobabis,NA,-22.45,18.9667,81.3,26,27,14.63,scattered clouds
598,lujiang,CN,31.2581,117.2817,63.46,40,0,8.55,clear sky
599,tombouctou,ML,20.0,-3.0,57.2,21,95,10.83,overcast clouds
600,key west,US,24.5557,-81.7826,73.4,65,0,10.36,clear sky
601,nechanice,CZ,50.2374,15.6328,39.24,78,100,3.53,overcast clouds
602,saint anthony,US,45.0205,-93.218,28.85,92,100,3.44,light snow
603,pacifica,US,37.6138,-122.4869,55.06,85,40,12.66,mist
604,humboldt,US,40.6665,-123.9178,39.74,95,97,7.25,overcast clouds
605,khudumelapye,BW,-23.8833,24.75,84.0,27,10,9.37,clear sky
606,sal rei,CV,16.1833,-22.9167,71.8,73,20,10.36,few clouds
607,avera,US,33.194,-82.5271,42.91,69,17,6.58,few clouds
608,nyuksenitsa,RU,60.4128,44.2397,11.88,75,100,13.85,overcast clouds
609,komsomolskiy,UZ,40.4272,71.7189,21.92,58,75,6.91,broken clouds
610,segezha,RU,63.7415,34.3222,28.09,89,100,17.43,overcast clouds
611,pinega,RU,64.7001,43.3936,18.45,91,100,11.21,overcast clouds
612,kungurtug,RU,50.5994,97.5228,9.91,90,100,4.72,light snow
613,kloulklubed,PW,7.0419,134.2556,81.1,80,100,15.95,moderate rain
614,zheleznodorozhnyy,RU,55.7503,38.0042,12.72,78,100,13.6,overcast clouds
615,mayo,US,38.8876,-76.5119,37.35,89,0,0.0,mist
616,isla vista,US,34.4133,-119.861,54.34,71,75,0.0,broken clouds
617,puerto el triunfo,SV,13.2833,-88.55,75.38,81,4,3.96,clear sky
618,mandurah,AU,-32.55,115.7,75.87,63,0,20.8,clear sky
619,nizwa,OM,22.9333,57.5333,76.95,34,0,5.03,clear sky
620,amarwara,IN,22.3,79.1667,75.33,19,0,4.0,clear sky
621,lerwick,GB,60.1545,-1.1494,46.4,89,100,41.25,light rain
622,huntsville,US,34.7304,-86.5861,54.21,79,75,13.0,broken clouds
623,kibala,TD,9.1104,18.3463,69.75,43,0,4.61,clear sky
624,qui nhon,VN,13.7667,109.2333,75.38,88,100,11.32,overcast clouds
625,san quintin,MX,30.4833,-115.95,59.4,94,100,5.32,overcast clouds
626,carutapera,BR,-1.195,-46.02,77.34,85,89,7.63,overcast clouds
627,minggang,CN,32.4586,114.0486,62.49,36,0,8.61,clear sky
628,bhakkar,PK,31.6253,71.0657,65.89,35,99,4.09,overcast clouds
629,cockburn town,TC,21.4612,-71.1419,76.89,75,30,11.16,scattered clouds
630,brae,GB,60.3964,-1.353,44.37,91,100,38.99,light rain
631,katobu,ID,-4.9408,122.5276,85.21,61,100,8.75,overcast clouds
632,veraval,IN,20.9,70.3667,79.77,38,0,7.67,clear sky
633,faya,SA,18.3851,42.4509,63.12,60,3,3.69,clear sky
634,finote selam,ET,10.7,37.2667,72.37,41,9,1.61,clear sky
635,solnechnyy,RU,50.7214,136.6319,3.97,98,100,4.45,overcast clouds
636,aksu,CN,41.1231,80.2644,35.76,30,100,2.08,overcast clouds
637,maceio,BR,-9.6658,-35.7353,74.64,100,75,3.44,broken clouds
638,udimskiy,RU,61.1417,45.9144,12.88,76,100,14.56,overcast clouds
639,misratah,LY,32.3754,15.0925,59.56,60,100,20.56,light rain
640,leh,IN,34.1667,77.5833,23.45,76,100,5.48,overcast clouds
641,nhulunbuy,AU,-12.2333,136.7667,90.21,58,96,18.41,overcast clouds
642,telchac,MX,21.2,-89.2667,65.53,96,4,3.85,clear sky
643,tabasco,MX,18.0,-92.6667,73.08,93,5,4.94,clear sky
644,jega,NG,12.2175,4.3792,64.45,26,1,13.91,clear sky
645,taiyuan,CN,37.8694,112.5603,40.86,38,100,2.24,overcast clouds
646,kurumkan,RU,54.3,110.3,12.72,85,82,4.68,broken clouds
647,victor harbor,AU,-35.5667,138.6167,86.68,78,2,1.99,clear sky
648,boyolangu,ID,-8.1181,111.8935,83.61,67,76,9.08,broken clouds
649,igrim,RU,63.1906,64.4162,1.56,88,100,7.81,overcast clouds
650,ginda,IN,30.6945,78.4932,63.79,17,100,5.77,overcast clouds
651,eyl,SO,7.9803,49.8164,81.61,51,0,16.58,clear sky
652,bac,RS,45.3919,19.2367,39.2,91,100,13.29,moderate rain
653,raudeberg,NO,61.9875,5.1352,43.47,31,100,25.23,light rain
654,yamada,JP,39.4667,141.95,40.68,73,81,5.79,broken clouds
655,port hawkesbury,CA,45.6169,-61.3485,25.18,81,100,17.0,overcast clouds
656,ekibastuz,KZ,51.6667,75.3667,-3.44,90,100,14.94,overcast clouds
657,ondjiva,AO,-17.0667,15.7333,68.04,88,75,11.5,broken clouds
658,las guacamayas,MX,18.0167,-102.2167,69.37,91,1,4.38,clear sky
659,matamoros,MX,25.5333,-103.25,54.1,45,0,2.46,clear sky
660,stykkisholmur,IS,65.0757,-22.7297,30.67,81,100,13.11,overcast clouds
661,ust-kulom,RU,61.6864,53.6902,8.74,92,100,11.65,light snow
662,dzaoudzi,YT,-12.7887,45.2699,85.89,70,0,6.91,clear sky
663,majene,ID,-3.5403,118.9707,83.37,68,93,4.54,overcast clouds
664,kathmandu,NP,27.7167,85.3167,64.62,34,20,3.44,few clouds
665,vredendal,ZA,-31.6683,18.5012,73.9,47,100,0.92,overcast clouds
666,verkhnevilyuysk,RU,63.4453,120.3167,-28.8,90,100,6.93,overcast clouds
667,vegreville,CA,53.5001,-112.0518,14.7,92,100,4.61,overcast clouds
668,lazaro cardenas,MX,17.9583,-102.2,70.93,89,1,4.32,clear sky
669,padang,ID,-0.9492,100.3543,86.05,73,100,4.29,light rain
670,kpandae,GH,8.4689,-0.0113,72.09,23,0,4.56,clear sky
671,kalemie,CD,-5.9475,29.1947,67.93,95,100,2.35,moderate rain
672,iguape,BR,-24.7081,-47.5553,70.92,95,100,4.12,overcast clouds
673,hamilton,US,39.1834,-84.5333,40.71,88,75,4.61,broken clouds
674,new waterford,US,40.8451,-80.6145,30.61,91,1,4.29,clear sky
675,galesong,ID,-5.3166,119.3661,86.02,70,99,8.12,overcast clouds
676,shubarkuduk,KZ,49.1447,56.4872,-4.13,71,0,2.66,clear sky
677,marathon,US,44.9,-89.7668,31.95,93,100,3.44,mist
678,urucara,BR,-2.5364,-57.76,72.12,99,100,2.35,overcast clouds
679,vilhena,BR,-12.7406,-60.1458,65.89,97,100,2.53,overcast clouds
680,nara,JP,34.6851,135.8049,51.91,33,3,2.73,clear sky
681,khakhea,BW,-24.6895,23.494,86.9,25,14,7.4,few clouds
682,husavik,IS,66.0449,-17.3389,30.69,94,100,11.16,light snow
683,hirara,JP,24.8,125.2833,73.67,68,40,17.27,scattered clouds
684,kozan,TR,37.4552,35.8157,51.39,43,79,4.14,broken clouds
685,santiago del estero,AR,-27.7951,-64.2615,76.98,52,2,7.31,clear sky
686,vaasa,FI,63.096,21.6158,35.62,93,100,10.36,light intensity drizzle
687,humaita,BR,-7.5061,-63.0208,72.16,93,99,2.1,overcast clouds
688,calvinia,ZA,-31.4707,19.776,81.91,14,100,1.59,overcast clouds
689,duluth,US,46.7833,-92.1066,32.29,94,100,0.0,mist
690,amposta,ES,40.7131,0.581,51.48,63,15,5.23,few clouds
691,necochea,AR,-38.5473,-58.7368,61.59,95,61,7.58,broken clouds
692,gumdag,TM,39.2061,54.5906,20.07,49,6,26.15,clear sky
693,lumberton,US,34.6182,-79.0086,39.29,83,97,2.62,overcast clouds
694,mana,GF,5.6592,-53.7767,74.08,92,98,7.63,overcast clouds
695,saiha,IN,22.4833,92.9667,78.64,23,0,4.09,clear sky
